attributes,total,setup,keygen,encrypt,index,trapdoor,search,partial_decrypt,final_decrypt
2,0.00010072800068883225,1.0660666400023425e-05,1.910433275043033e-05,3.6064666346646845e-05,6.226999782181035e-06,5.722002242691815e-06,1.5890000213403255e-06,8.030001481529325e-07,2.0557332997365545e-05
4,5.8926664981603004e-05,3.2403331715613604e-06,7.868333341320977e-06,2.570666523145822e-05,4.88866741458575e-06,4.740333679364994e-06,8.283326072463145e-07,4.87333939721187e-07,1.1166665596344197e-05
