keywords,total,index,trapdoor
2,5.301632821404686e-05,3.071999041518817e-06,2.921999112004414e-06
4,7.710400071421948e-05,8.280000959833464e-06,6.119999549506853e-06
