attributes,total,setup,keygen,encrypt,index,trapdoor,search,partial_decrypt,final_decrypt
2,0.013937098820897517,0.0002872569799001212,0.0007707570101774763,0.0061768938599198004,0.0012916118802604615,0.0013014690803538542,9.132772000157274e-05,5.4391610137827226e-05,0.003963390680146403
4,0.0151037213896052,0.0004058016298949951,0.0013291130401194096,0.00682793579013378,0.0012843198696282344,0.0012826020000284188,8.755724975344492e-05,5.28584300991497e-05,0.0038335333799477665
6,0.01731501605027006,0.0004738484301560675,0.001972189329972025,0.007974332210214926,0.0012843049200455426,0.0012886720301685272,9.007414992083796e-05,5.3093859824002716e-05,0.004178501119968132
8,0.019547093160144868,0.0004896084600477479,0.002602505700197071,0.009274202479828091,0.0012881005199596985,0.0012690508901141585,9.003391991427634e-05,5.4245400133368096e-05,0.0044793457899504575
10,0.023721400600152265,0.000513356129922613,0.00346004642015032,0.011508002600348847,0.0014233429300293209,0.001408983020010055,9.56126298115123e-05,5.846259991812985e-05,0.005253594269961468
