attributes,total,setup,keygen,encrypt,index,trapdoor,search,partial_decrypt,final_decrypt
2,0.049878300199707154,0.0003923271098756231,0.013124472859999514,0.018282620710015178,0.006188114069918811,0.00410167409972928,0.000147186130125192,8.5856700061413e-05,0.007556048519982142
4,0.061096710639831145,0.0005218277900348766,0.021219332449982177,0.023348412519808334,0.0056074452001485045,0.003596018959979119,0.00013782582995190752,8.17623201146489e-05,0.006584085569811578
6,0.07573233366969362,0.0006226866799261188,0.02978624729006697,0.028034128049948776,0.005783031859900803,0.003938320330125862,0.00014352723002957645,8.113040974421892e-05,0.007343261819951294
8,0.10267284939967794,0.0006849733101989841,0.04301296033998369,0.038657829209805636,0.006712693289955496,0.0044672706798883155,0.00015810114975465695,9.198333998938323e-05,0.008887038080101776
10,0.10424412424006732,0.000646665220046998,0.0458064513001591,0.03966139328014833,0.0058947209900361485,0.003802573710017896,0.0001416544297899236,8.501660988258664e-05,0.008205648699986341
