keywords,total,index,trapdoor
2,0.019727022009647044,0.0006756480500553152,0.0006676369997512666
4,0.02341755724992254,0.001178972979869286,0.0012075419700340716
6,0.023884699429800094,0.0016371938600059366,0.0015440409201255534
8,0.027282415620538812,0.0022125008797229387,0.0021690598802524617
10,0.02353751483042288,0.002188093010299781,0.0021992036696610743
