keywords,total,index,trapdoor
2,0.07986568112017267,0.004456817520149344,0.00264633889983088
4,0.07917640345047403,0.0048469189100433146,0.002976267239937442
6,0.08236301883000123,0.0052573126299830615,0.0035286732701570143
8,0.08926392832989223,0.006212083390018961,0.004303582940119668
10,0.0848499209700094,0.00619404836994363,0.0044146113697934196
